carrier,n,cor_depHour_depDelay
HA,161,0.7796038571010255
OO,26,0.5638356886643837
WN,6310,0.3806738166622548
F9,348,0.37636282738770144
VX,2810,0.34471838617400885
YV,323,0.3113431890880744
EV,26385,0.29259686256480466
UA,29470,0.286622869780408
9E,8980,0.2781056826975899
MQ,12606,0.2690252559008735
AS,352,0.26817565677587246
AA,16074,0.2512093142666514
US,10128,0.25047172477108975
DL,24402,0.23494661811175785
B6,27465,0.19724512245408715
FL,1406,0.18456880452379296
